{"faces": [33, 0, 1, 3, 2, 0, 0, 1, 0, 33, 7, 6, 4, 5, 1, 0, 0, 0, 33, 11, 10, 8, 9, 1, 0, 0, 0, 33, 15, 14, 12, 13, 1, 0, 1, 0, 33, 19, 18, 16, 17, 1, 0, 1, 0, 33, 23, 22, 20, 21, 1, 0, 1, 0, 33, 27, 26, 24, 25, 1, 0, 1, 0, 33, 31, 30, 28, 29, 1, 0, 1, 0, 33, 35, 34, 32, 33, 1, 0, 1, 0, 33, 39, 38, 36, 37, 1, 0, 1, 0, 33, 43, 42, 40, 41, 1, 0, 1, 0, 33, 47, 46, 44, 45, 1, 0, 1, 0, 33, 51, 50, 48, 49, 1, 0, 1, 0, 33, 55, 54, 52, 53, 1, 0, 1, 0, 33, 59, 58, 56, 57, 2, 2, 2, 2, 33, 63, 62, 60, 61, 2, 2, 2, 2, 33, 67, 66, 64, 65, 2, 2, 2, 2, 33, 71, 70, 68, 69, 2, 2, 2, 2, 33, 72, 73, 75, 74, 2, 2, 2, 3, 33, 79, 78, 76, 77, 2, 2, 2, 3, 33, 83, 82, 80, 81, 2, 2, 3, 2, 33, 84, 85, 87, 86, 2, 2, 3, 2, 33, 91, 90, 88, 89, 2, 2, 3, 2, 33, 92, 93, 95, 94, 2, 2, 3, 2, 33, 99, 98, 96, 97, 2, 2, 3, 2, 33, 100, 101, 103, 102, 2, 2, 3, 2, 33, 107, 106, 104, 105, 2, 2, 3, 2, 33, 108, 109, 111, 110, 2, 2, 3, 2, 33, 115, 114, 112, 113, 2, 2, 3, 2, 33, 116, 117, 119, 118, 2, 2, 3, 2, 33, 123, 122, 120, 121, 2, 2, 3, 2, 33, 124, 125, 127, 126, 2, 2, 3, 2, 33, 131, 130, 128, 129, 4, 4, 4, 4, 33, 135, 134, 132, 133, 5, 6, 6, 6, 33, 136, 137, 139, 138, 0, 0, 0, 0, 33, 143, 142, 140, 141, 4, 7, 4, 4, 33, 147, 146, 144, 145, 4, 7, 4, 4, 33, 151, 150, 148, 149, 4, 7, 4, 4, 33, 155, 154, 152, 153, 4, 7, 4, 4, 33, 159, 158, 156, 157, 4, 7, 4, 4, 33, 163, 162, 160, 161, 8, 8, 8, 8, 33, 167, 166, 164, 165, 8, 8, 8, 8, 33, 171, 170, 168, 169, 8, 8, 8, 8, 33, 175, 174, 172, 173, 8, 8, 8, 8, 33, 179, 178, 176, 177, 8, 8, 8, 8, 33, 183, 182, 180, 181, 5, 6, 6, 6, 33, 187, 186, 184, 185, 5, 6, 6, 6, 33, 191, 190, 188, 189, 6, 6, 6, 6, 33, 195, 194, 192, 193, 6, 6, 6, 6, 33, 196, 197, 199, 198, 1, 0, 1, 0, 33, 203, 202, 200, 201, 0, 0, 0, 0, 33, 204, 205, 207, 206, 1, 0, 1, 0, 33, 211, 210, 208, 209, 0, 0, 0, 0, 33, 212, 213, 215, 214, 0, 0, 0, 0, 33, 216, 217, 219, 218, 1, 0, 0, 0, 33, 220, 221, 223, 222, 3, 2, 3, 2, 33, 224, 225, 227, 226, 4, 4, 4, 4, 33, 228, 229, 231, 230, 7, 4, 4, 7, 33, 232, 233, 235, 234, 7, 4, 4, 7, 33, 236, 237, 239, 238, 4, 4, 4, 4, 33, 240, 241, 243, 242, 7, 4, 4, 4, 33, 244, 245, 247, 246, 4, 4, 4, 4], "vertices": [0.837037, 0.367658, 0.213912, 0.582818, 0.367658, 0.213912, 0.837037, 0.110007, 0.213912, 0.582818, 0.110007, 0.213912, 1.23157, 0.367658, 0.213912, 0.977355, 0.367658, 0.213912, 1.23157, 0.110007, 0.213912, 0.977355, 0.110007, 0.213912, 1.62671, 0.367658, 0.213912, 1.37249, 0.367658, 0.213912, 1.62671, 0.110007, 0.213912, 1.37249, 0.110007, 0.213912, 3.66592, 0.367658, 0.213912, 3.39114, 0.367658, 0.213912, 3.66592, 0.110007, 0.213912, 3.39114, 0.110007, 0.213912, 4.09237, 0.367658, 0.213912, 3.81759, 0.367658, 0.213912, 4.09237, 0.110007, 0.213912, 3.81759, 0.110007, 0.213912, 4.51947, 0.367658, 0.213912, 4.24469, 0.367658, 0.213912, 4.51947, 0.110007, 0.213912, 4.24469, 0.110007, 0.213912, 4.93729, 0.367658, 0.213912, 4.66251, 0.367658, 0.213912, 4.93729, 0.110007, 0.213912, 4.66251, 0.110007, 0.213912, 5.36374, 0.367658, 0.213912, 5.08896, 0.367658, 0.213912, 5.36374, 0.110007, 0.213912, 5.08896, 0.110007, 0.213912, 5.79084, 0.367658, 0.213912, 5.51606, 0.367658, 0.213912, 5.79084, 0.110007, 0.213912, 5.51606, 0.110007, 0.213912, 6.82798, 0.367658, 0.213912, 6.55319, 0.367658, 0.213912, 6.82798, 0.110007, 0.213912, 6.55319, 0.110007, 0.213912, 7.25443, 0.367658, 0.213912, 6.97965, 0.367658, 0.213912, 7.25443, 0.110007, 0.213912, 6.97965, 0.110007, 0.213912, 7.68153, 0.367658, 0.213912, 7.40675, 0.367658, 0.213912, 7.68153, 0.110007, 0.213912, 7.40675, 0.110007, 0.213912, 8.09935, 0.367658, 0.213912, 7.82456, 0.367658, 0.213912, 8.09935, 0.110007, 0.213912, 7.82456, 0.110007, 0.213912, 8.5258, 0.367658, 0.213912, 8.25101, 0.367658, 0.213912, 8.5258, 0.110007, 0.213912, 8.25101, 0.110007, 0.213912, 7.98399, 0.367658, -1.88394, 8.24569, 0.367658, -1.88394, 7.98399, 0.110007, -1.88394, 8.24569, 0.110007, -1.88394, 7.58834, 0.367658, -1.88394, 7.85004, 0.367658, -1.88394, 7.58834, 0.110007, -1.88394, 7.85004, 0.110007, -1.88394, 7.19218, 0.367658, -1.88394, 7.45388, 0.367658, -1.88394, 7.19218, 0.110007, -1.88394, 7.45388, 0.110007, -1.88394, 6.9288, 0.367658, -1.88394, 7.1905, 0.367658, -1.88394, 6.9288, 0.110007, -1.88394, 7.1905, 0.110007, -1.88394, 8.50674, 0.110007, -1.88394, 8.38137, 0.110007, -1.88394, 8.50674, 0.367658, -1.88394, 8.38137, 0.367658, -1.88394, 5.59508, 0.367658, -1.88146, 5.73835, 0.367658, -1.88146, 5.59508, 0.110007, -1.88146, 5.73835, 0.110007, -1.88146, 4.67135, 0.367658, -1.88146, 4.97003, 0.367658, -1.88146, 4.67135, 0.110007, -1.88146, 4.97003, 0.110007, -1.88146, 5.43161, 0.110007, -1.88146, 5.13293, 0.110007, -1.88146, 5.43161, 0.367658, -1.88146, 5.13293, 0.367658, -1.88146, 3.74559, 0.367658, -1.88146, 4.04426, 0.367658, -1.88146, 3.74559, 0.110007, -1.88146, 4.04426, 0.110007, -1.88146, 4.50585, 0.110007, -1.88146, 4.20717, 0.110007, -1.88146, 4.50585, 0.367658, -1.88146, 4.20717, 0.367658, -1.88146, 2.8227, 0.367658, -1.88146, 3.12138, 0.367658, -1.88146, 2.8227, 0.110007, -1.88146, 3.12138, 0.110007, -1.88146, 3.58296, 0.110007, -1.88146, 3.28428, 0.110007, -1.88146, 3.58296, 0.367658, -1.88146, 3.28428, 0.367658, -1.88146, 1.89761, 0.367658, -1.88146, 2.19716, 0.367658, -1.88146, 1.89761, 0.110007, -1.88146, 2.19716, 0.110007, -1.88146, 2.6572, 0.110007, -1.88146, 2.35852, 0.110007, -1.88146, 2.6572, 0.367658, -1.88146, 2.35852, 0.367658, -1.88146, 0.973394, 0.367658, -1.88146, 1.27207, 0.367658, -1.88146, 0.973394, 0.110007, -1.88146, 1.27207, 0.110007, -1.88146, 1.73365, 0.110007, -1.88146, 1.43498, 0.110007, -1.88146, 1.73365, 0.367658, -1.88146, 1.43498, 0.367658, -1.88146, 0.0483065, 0.367658, -1.88146, 0.347859, 0.367658, -1.88146, 0.0483065, 0.110007, -1.88146, 0.347859, 0.110007, -1.88146, 0.807889, 0.110007, -1.88146, 0.509212, 0.110007, -1.88146, 0.807889, 0.367658, -1.88146, 0.509212, 0.367658, -1.88146, 3.23039, 0.54111, 0.257906, 3.23039, 0.54111, 0.818572, 3.23039, 0.0162883, 0.257906, 3.23039, 0.0162884, 0.818572, 1.66812, 0.53797, 0.818572, 1.66812, 0.53797, 0.257906, 1.66812, 0.0131478, 0.818572, 1.66812, 0.0131478, 0.257906, 5.83141, 0.0228218, 0.241728, 6.36601, 0.0228218, 0.241728, 5.83141, 0.542609, 0.241728, 6.36601, 0.542609, 0.241728, 8.53822, 0.370224, -0.08065, 8.53822, 0.370224, 0.0379375, 8.53822, 0.0196102, -0.08065, 8.53822, 0.0196102, 0.0379376, 8.53822, 0.370224, -0.476284, 8.53822, 0.370224, -0.357696, 8.53822, 0.0196101, -0.476284, 8.53822, 0.0196102, -0.357696, 8.53822, 0.370224, -0.860622, 8.53822, 0.370224, -0.742034, 8.53822, 0.0196101, -0.860622, 8.53822, 0.0196102, -0.742034, 8.53822, 0.370224, -1.25798, 8.53822, 0.370224, -1.13939, 8.53822, 0.0196101, -1.25798, 8.53822, 0.0196101, -1.13939, 8.53822, 0.370224, -1.65907, 8.53822, 0.370224, -1.54049, 8.53822, 0.0196101, -1.65907, 8.53822, 0.0196101, -1.54049, -0.0356793, 0.370224, -1.45175, -0.0653663, 0.370224, -1.56657, -0.0356793, 0.0196103, -1.45175, -0.0653663, 0.0196103, -1.56657, 0.0658841, 0.370224, -1.06178, 0.0361967, 0.370224, -1.1766, 0.0658841, 0.0196103, -1.06178, 0.0361967, 0.0196103, -1.1766, 0.16777, 0.370224, -0.68023, 0.138084, 0.370224, -0.795042, 0.16777, 0.0196103, -0.68023, 0.138084, 0.0196103, -0.795042, 0.264723, 0.370224, -0.309394, 0.235036, 0.370224, -0.424205, 0.264723, 0.0196103, -0.309394, 0.235036, 0.0196103, -0.424205, 0.365133, 0.370224, 0.0751498, 0.335446, 0.370224, -0.0396617, 0.365133, 0.0196103, 0.0751498, 0.335446, 0.0196104, -0.0396617, 1.70814, 0.50229, 1.43126, 1.70814, 0.50229, 0.870596, 1.70814, 0.0123584, 1.43126, 1.70814, 0.0123584, 0.870596, 1.2515, 0.50229, 1.43126, 1.2515, 0.50229, 0.870596, 1.2515, 0.0123584, 1.43126, 1.2515, 0.0123584, 0.870596, 0.999685, 0.50229, 1.98311, 0.999685, 0.50229, 1.44873, 0.999685, 0.0123584, 1.98311, 0.999685, 0.0123584, 1.44873, 0.999685, 0.50229, 2.5619, 0.999685, 0.50229, 2.30081, 0.999685, 0.0123585, 2.5619, 0.999685, 0.0123585, 2.30081, 1.87168, 0.0123585, 2.5806, 2.14376, 0.0123585, 2.5806, 1.87168, 0.50229, 2.5806, 2.14376, 0.50229,