{
    "uvs": [[0.428584, 0.82595, 0.422795, 0.753662, 0.612258, 0.753662, 0.606468, 0.82595, 0.417353, 0.75292, 0.386171, 0.75292, 0.368378, 0.79468, 0.315573, 0.79468, 0.297708, 0.75292, 0.122648, 0.75292, 0.104854, 0.79468, 0.07849, 0.79468, 0.103788, 0.796285, 0.400786, 0.822898, 0.081908, 0.975531, 0.081908, 0.999174, 0.105889, 0.999174, 0.105889, 0.975531, 0.105773, 0.975531, 0.081792, 0.975531, 0.081792, 0.999174, 0.105773, 0.999174, 0.386171, 0.75292, 0.078474, 0.796285, 0.07849, 0.794681, 0.104853, 0.794681, 0.122648, 0.75292, 0.297708, 0.75292, 0.315572, 0.794681, 0.368378, 0.794681, 0.893588, 0.860898, 0.881843, 0.856183, 0.903822, 0.856189, 0.915567, 0.860904, 0.881867, 0.76841, 0.903846, 0.768416, 0.893615, 0.763701, 0.915594, 0.763707, 0.837167, 0.866134, 0.837196, 0.758434, 0.85021, 0.752656, 0.854359, 0.753611, 0.850177, 0.87192, 0.854326, 0.870967, 0.62479, 0.847435, 0.634601, 0.847435, 0.633154, 0.871018, 0.623188, 0.871018, 0.827136, 0.847435, 0.828738, 0.871018, 0.818772, 0.871018, 0.817325, 0.847435, 0.024548, 0.812444, 0.121077, 0.827996, 0.830297, 0.757175, 0.817325, 0.757175, 0.002613, 0.75292, 0.034177, 0.75292, 0.052043, 0.794681, 0.634601, 0.757175, 0.034178, 0.75292, 0.052043, 0.79468, 0.621628, 0.757175, 0.980083, 0.763725, 0.980057, 0.860922, 0.012026, 0.989833, 0.00549, 0.989834, 0.005485, 0.971868, 0.012021, 0.971866, 0.012039, 0.989877, 0.027865, 0.989873, 0.028739, 0.996636, 0.012656, 0.996641, 0.012043, 0.989877, 0.01266, 0.996641, 0.028743, 0.996636, 0.027868, 0.989873, 0.012657, 0.996582, 0.006041, 0.996584, 0.005421, 0.98982, 0.012037, 0.989818, 0.056008, 0.95791, 0.080651, 0.95791, 0.080651, 0.985437, 0.056008, 0.985437, 0.080651, 0.999201, 0.056008, 0.999201, 0.029061, 0.980128, 0.0046, 0.966019, 0.004589, 0.93778, 0.029038, 0.923651, 0.053499, 0.937761, 0.053511, 0.965999, 0.056008, 0.944146, 0.080651, 0.944146, 0.004732, 0.966095, 0.029193, 0.980204, 0.053642, 0.966075, 0.053631, 0.937837, 0.02917, 0.923727, 0.004721, 0.937856, 0.004721, 0.937856, 0.02917, 0.923727, 0.053631, 0.937837, 0.0046, 0.966019, 0.029061, 0.980128, 0.053499, 0.937761, 0.029038, 0.923651, 0.004589, 0.93778, 0.997927, 0.761176, 0.997899, 0.86348, 0.591906, 0.870367, 0.443146, 0.870367, 0.434376, 0.831298, 0.600677, 0.831298, 0.126917, 0.835008, 0.379501, 0.828075, 0.329015, 0.865897, 0.303899, 0.87318, 0.213119, 0.873013, 0.18218, 0.86411, 0.90772, 0.90804, 0.998425, 0.90804, 0.998425, 0.997185, 0.90772, 0.997185]], 
    "vertices": [-0.130046, 0.030218, 0.305916, 0.130046, 0.030218, 0.305916, -0.13995, 0.030218, -0.327009, 0.13995, 0.030218, -0.327009, -0.113877, 0.030218, 0.333869, 0.113877, 0.030218, 0.333869, -0.126105, 0.121056, 0.272442, 0.126105, 0.121056, 0.272442, -0.131397, 0.13701, -0.301727, 0.131397, 0.13701, -0.301727, -0.113877, 0.121056, 0.300394, 0.113877, 0.121056, 0.300394, -0.128102, 0.14479, 0.125132, 0.128102, 0.14479, 0.125132, -0.11568, 0.14479, 0.153084, 0.11568, 0.14479, 0.153084, -0.13995, 0.096397, 0.151515, 0.13995, 0.096397, 0.190147, 0.13995, 0.093948, 0.190123, -0.13995, 0.093948, 0.190123, 0.13995, 0.030218, 0.257748, 0.13995, 0.030218, 0.122735, 0.13995, 0.093948, 0.230483, 0.13995, 0.093948, 0.14989, -0.13995, 0.030218, 0.257747, -0.13995, 0.030218, 0.122735, -0.13995, 0.093948, 0.230482, -0.13995, 0.093948, 0.14989, -0.1044, 0.199903, 0.031883, 0.1044, 0.199903, 0.031883, -0.094276, 0.199903, 0.057116, 0.094276, 0.199903, 0.057116, -0.1044, 0.213489, -0.015332, 0.1044, 0.213489, -0.015332, -0.094276, 0.213489, 0.009902, 0.094276, 0.213489, 0.009902, -0.1044, 0.213744, -0.153869, 0.1044, 0.213744, -0.153869, 0.13995, 0.030218, -0.144421, 0.13995, 0.030218, -0.279423, 0.13995, 0.093948, -0.171683, 0.13995, 0.093948, -0.25227, -0.13995, 0.030218, -0.144422, -0.13995, 0.030218, -0.279423, -0.13995, 0.093948, -0.171684, -0.13995, 0.093948, -0.25227, 0.075309, 0.030218, 0.257748, 0.075309, 0.030218, 0.122735, 0.075309, 0.093948, 0.230483, 0.075309, 0.093948, 0.14989, -0.075309, 0.030218, 0.257747, -0.075309, 0.030218, 0.122735, -0.075309, 0.093948, 0.230482, -0.075309, 0.093948, 0.14989, 0.075309, 0.030218, -0.144421, 0.075309, 0.030218, -0.279423, 0.075309, 0.093948, -0.171683, 0.075309, 0.093948, -0.25227, -0.075309, 0.030218, -0.144422, -0.075309, 0.030218, -0.279423, -0.075309, 0.093948, -0.171684, -0.075309, 0.093948, -0.25227, 0.161674, 0.14479, 0.125132, -0.161674, 0.14479, 0.125132, -0.126052, 0.15549, 0.116219, 0.126052, 0.15549, 0.116219, -0.159087, 0.15549, 0.116219, 0.159087, 0.15549, 0.116219, -0.128102, 0.14479, 0.113115, 0.128102, 0.14479, 0.113115, 0.161674, 0.14479, 0.113115, -0.161674, 0.14479, 0.113115, -0.126052, 0.15549, 0.104202, 0.126052, 0.15549, 0.104202, -0.159087, 0.15549, 0.104202, 0.159087, 0.15549, 0.104202, 0.098958, 0.079201, 0.21279, 0.139542, 0.079201, 0.21279, 0.098958, 0.079201, 0.167456, 0.139542, 0.079201, 0.167456, 0.098958, 0.03994, 0.144789, 0.139542, 0.03994, 0.144789, 0.098958, 0.00068, 0.167456, 0.139542, 0.00068, 0.167456, 0.098958, 0.00068, 0.21279, 0.139542, 0.00068, 0.21279, 0.098958, 0.03994, 0.235457, 0.139542, 0.03994, 0.235457, -0.098958, 0.079201, -0.234575, -0.139541, 0.079201, -0.234575, -0.098958, 0.079201, -0.189241, -0.139542, 0.079201, -0.189241, -0.098958, 0.03994, -0.166573, -0.139542, 0.03994, -0.166573, -0.098958, 0.00068, -0.189241, -0.139542, 0.00068, -0.189241, -0.098958, 0.00068, -0.234575, -0.139541, 0.00068, -0.234575, -0.098958, 0.03994, -0.257242, -0.139541, 0.03994, -0.257242, 0.098958, 0.079201, -0.189241, 0.139542, 0.079201, -0.189241, 0.098958, 0.079201, -0.234575, 0.139542, 0.079201, -0.234575, 0.098958, 0.03994, -0.257242, 0.139542, 0.03994, -0.257242, 0.098958, 0.00068, -0.234575, 0.139542, 0.00068, -0.234575, 0.098958, 0.00068, -0.189241, 0.139542, 0.00068, -0.189241, 0.098958, 0.03994, -0.166573, 0.139542, 0.03994, -0.166573, -0.098958, 0.079201, 0.167456, -0.139542, 0.079201, 0.167456, -0.098959, 0.079201, 0.21279, -0.139542, 0.079201, 0.21279, -0.098959, 0.03994, 0.235457, -0.139542, 0.03994, 0.235457, -0.098959, 0.00068, 0.21279, -0.139542, 0.00068, 0.21279, -0.098958, 0.00068, 0.167456, -0.139542, 0.00068, 0.167456, -0.098958, 0.03994, 0.144789, -0.139542, 0.03994, 0.144789, 0.109884, 0.20263, -0.192199, -0.109884, 0.20263, -0.192199, -0.122841, 0.144911, -0.269244, 0.122841, 0.144911, -0.269244, -0.216785, 0.001988, 0.393044, 0.216785, 0.001988, 0.393044, -0.216785, 0.001988, -0.393044, 0.216785, 0.001988, -0.393044], 
    "metadata": {
        "version": 3, 
        "vertices": 132, 
        "uvs": 1, 
        "generator": "io_three", 
        "normals": 90, 
        "type": "Geometry", 
        "faces": 123
    },