{
    "normals": [0.899869, 0.402539, -0.167791, 0.712149, 0.701102, 0.035066, -0.023316, 0.571123, 0.82049, 0.265847, 0.791375, 0.550462, -0.015137, 0.999084, -0.039308, -0.066897, 0.996826, -0.042573, -0.037416, 0.978759, -0.201453, -0.051759, 0.998352, 0.024445, -0.229316, 0.972808, 0.03238, -0.041536, 0.996734, 0.069155, 0.034822, 0.99707, 0.06769, 0.051515, 0.95465, 0.293161, 0.677847, 0.716361, -0.165166, 0.36024, 0.930784, -0.061953, 0.465499, 0.883602, -0.050264, 0.382244, 0.9223, -0.056673, -0.483963, 0.86816, 0.109775, -0.085635, 0.882534, -0.462325, 0.021393, 0.840327, 0.541642, 0.037446, 0.998627, -0.03589, 0.07654, 0.994812, 0.066744, -0.249092, 0.695761, 0.673666, 0.025361, 0.858669, 0.511856], 
    "name": "PlanGeometry.1", 
    "uvs": [[0.005625, 0.238425, 0.055868, 0.27078, 0.110095, 0.680844, 0.068862, 0.686204, 0.990499, 0.016898, 0.985736, 0.930739, 0.92698, 0.930817, 0.884175, 0.820571, 0.884727, 0.106286, 0.927402, 0.992803, 0.361084, 0.861346, 0.12714, 0.825247, 0.133793, 0.820335, 0.444914, 0.145716, 0.45765, 0.254048, 0.412277, 0.224621, 0.405725, 0.113372, 0.85199, 0.796947, 0.8529, 0.135236, 0.884178, 0.82057, 0.133811, 0.82032, 0.162594, 0.800932, 0.050953, 0.234736, 0.385345, 0.025223, 0.028457, 0.757895, 0.017001, 0.70236, 0.109599, 0.69846, 0.117573, 0.698813, 0.088151, 0.819231, 0.048285, 0.797665, 0.14211, 0.687344, 0.162584, 0.800949, 0.851988, 0.796945]], 
    "vertices": [-6.33181, 0.02192, 2.43041, -5.77203, 0.02192, -7.59683, -8.45153, 0.02192, 4.8657, -6.40672, 0.02192, -6.94906, -5.4005, 0.02192, -6.18869, -10.305, 0.02192, -0.501578, -4.54379, 0.02192, -7.9496, -5.18722, 0.02192, -7.9711, -1.10074, 0.001922, -6.40371, 5.87529, 0.02192, -2.96187, 6.53313, 0.02192, -2.50786, 6.44513, 0.02192, -3.78021, -1.74472, 0.02192, 9.64133, -4.05194, 0.02192, -7.72877, -2.11531, -0.098077, 7.64112, -4.02215, -0.098078, -7.61237, -5.31183, -0.098077, -6.12671, 4.39044, -0.091143, -1.83061, -10.1437, -0.62474, -0.688639, -5.4005, -0.62474, -6.18869, -2.20811, -0.626016, 7.01204, -3.87621, -0.626016, -7.13346, 3.81433, -0.619587, -1.76561, -5.14138, -0.626016, -5.78552, -5.55498, -0.62532, 2.39016, -6.68536, -0.62532, 3.72787, -7.41947, 0.001923, 3.85444], 
    "faces": [41, 5, 18, 19, 4, 0, 1, 2, 3, 0, 1, 2, 3, 40, 12, 10, 14, 4, 5, 8, 4, 5, 6, 40, 10, 9, 17, 5, 6, 7, 5, 7, 8, 40, 10, 17, 14, 5, 7, 8, 5, 8, 6, 40, 11, 8, 9, 9, 10, 6, 9, 9, 7, 40, 8, 13, 15, 10, 11, 12, 9, 10, 11, 40, 15, 17, 9, 12, 7, 6, 11, 8, 7, 40, 8, 15, 9, 10, 12, 6, 9, 11, 7, 41, 0, 26, 25, 24, 15, 16, 13, 14, 12, 13, 14, 15, 41, 14, 17, 22, 20, 8, 7, 17, 18, 6, 8, 16, 17, 40, 17, 15, 21, 19, 20, 21, 8, 11, 18, 41, 5, 0, 24, 18, 22, 15, 14, 1, 0, 12, 15, 1, 41, 25, 26, 14, 20, 13, 16, 8, 18, 14, 13, 6, 17, 40, 2, 12, 14, 23, 4, 8, 19, 4, 6, 40, 2, 26, 0, 23, 16, 15, 19, 13, 12, 40, 2, 14, 26, 23, 8, 16, 19, 6, 13, 40, 1, 3, 7, 24, 25, 29, 20, 20, 20, 40, 3, 4, 16, 25, 26, 27, 20, 3, 21, 40, 16, 15, 13, 27, 12, 11, 21, 11, 10, 40, 13, 6, 7, 11, 28, 29, 10, 20, 20, 40, 3, 16, 7, 25, 27, 29, 20, 21, 20, 40, 16, 13, 7, 27, 11, 29, 21, 10, 20, 41, 15, 16, 23, 21, 12, 27, 30, 31, 11, 21, 22, 18, 41, 16, 4, 19, 23, 27, 26, 2, 30, 21, 3, 2, 22, 40, 18, 24, 19, 1, 14, 2, 1, 15, 2, 40, 24, 25, 20, 14, 13, 18, 15, 14, 17, 40, 20, 22, 21, 18, 17, 31, 17, 16, 18, 40, 24, 23, 19, 14, 30, 2, 15, 22, 2, 40, 24, 20, 21, 14, 18, 31, 15, 17, 18, 40, 24, 21, 23, 14, 31, 30, 15, 18, 22, 40, 22, 17, 21, 32, 19, 21, 16, 8, 18], 
    "metadata": {
        "type": "Geometry", 
        "generator": "io_three", 
        "normals": 23, 
        "uvs": 1, 
        "vertices": 27, 
        "version": 3, 
        "faces": 31
    }
}