{
    "uvs": [[0.317986, 0.928712, 0.317986, 0.877168, 0.46832, 0.877168, 0.46832, 0.928712, 0.310649, 0.876768, 0.290886, 0.876768, 0.27761, 0.907928, 0.238209, 0.907928, 0.224879, 0.876768, 0.121984, 0.876768, 0.108707, 0.907928, 0.089036, 0.907928, 0.089024, 0.92369, 0.310649, 0.92369, 0.081908, 0.975531, 0.081908, 0.999174, 0.105889, 0.999174, 0.105889, 0.975531, 0.105773, 0.975531, 0.081792, 0.975531, 0.081792, 0.999174, 0.105773, 0.999174, 0.290886, 0.876768, 0.089035, 0.907928, 0.108707, 0.907928, 0.121984, 0.876768, 0.224879, 0.876768, 0.238208, 0.907928, 0.27761, 0.907928, 0.722559, 0.991423, 0.709425, 0.986175, 0.733986, 0.986142, 0.74712, 0.99139, 0.709293, 0.888088, 0.733854, 0.888055, 0.722412, 0.882804, 0.746974, 0.88277, 0.684007, 0.99149, 0.68386, 0.882841, 0.696979, 0.876989, 0.701166, 0.877946, 0.697141, 0.997306, 0.701325, 0.996338, 0.474596, 0.961831, 0.48438, 0.961831, 0.482937, 0.998752, 0.472997, 0.998752, 0.676416, 0.961831, 0.678014, 0.998752, 0.668074, 0.998752, 0.666631, 0.961831, 0.047807, 0.92829, 0.107846, 0.950849, 0.679569, 0.877509, 0.666631, 0.877509, 0.031441, 0.876768, 0.055971, 0.876768, 0.069302, 0.907928, 0.48438, 0.877509, 0.055972, 0.876768, 0.069302, 0.907928, 0.471442, 0.877509, 0.873494, 0.8826, 0.87364, 0.99122, 0.012026, 0.989833, 0.00549, 0.989834, 0.005485, 0.971868, 0.012021, 0.971866, 0.012039, 0.989877, 0.027865, 0.989873, 0.028739, 0.996636, 0.012656, 0.996641, 0.012043, 0.989877, 0.01266, 0.996641, 0.028743, 0.996636, 0.027868, 0.989873, 0.012657, 0.996582, 0.006041, 0.996584, 0.005421, 0.98982, 0.012037, 0.989818, 0.056008, 0.95791, 0.080651, 0.95791, 0.080651, 0.985437, 0.056008, 0.985437, 0.080651, 0.999201, 0.056008, 0.999201, 0.029061, 0.980128, 0.0046, 0.966019, 0.004589, 0.93778, 0.029038, 0.923651, 0.053499, 0.937761, 0.053511, 0.965999, 0.056008, 0.944146, 0.080651, 0.944146, 0.004732, 0.966095, 0.029193, 0.980204, 0.053642, 0.966075, 0.053631, 0.937837, 0.02917, 0.923727, 0.004721, 0.937856, 0.004721, 0.937856, 0.02917, 0.923727, 0.053631, 0.937837, 0.0046, 0.966019, 0.029061, 0.980128, 0.053499, 0.937761, 0.029038, 0.923651, 0.004589, 0.93778, 0.882842, 0.879734, 0.882996, 0.99406, 0.458531, 0.999127, 0.327776, 0.999127, 0.322881, 0.96392, 0.463425, 0.96392, 0.112204, 0.956854, 0.306001, 0.95574, 0.301353, 0.98779, 0.291616, 0.997629, 0.15989, 0.997629, 0.134318, 0.987329, 0.909022, 0.907026, 0.996803, 0.907026, 0.996803, 0.997257, 0.909022, 0.997257]], 
    "vertices": [-0.136512, 0.03209, 0.26092, 0.136512, 0.03209, 0.26092, -0.146909, 0.03209, -0.288975, 0.146909, 0.03209, -0.288975, -0.119539, 0.03209, 0.287836, 0.119539, 0.03209, 0.287836, -0.132375, 0.11757, 0.228686, 0.132375, 0.11757, 0.228686, -0.146909, 0.124502, -0.288975, 0.146909, 0.124502, -0.288975, -0.119539, 0.11757, 0.255602, 0.119539, 0.11757, 0.255602, -0.134472, 0.162, 0.11044, 0.134472, 0.162, 0.11044, -0.121432, 0.162, 0.137356, 0.121432, 0.162, 0.137356, -0.146909, 0.124502, 0.147511, 0.146909, 0.124502, 0.147511, 0.146909, 0.093459, 0.147488, -0.146909, 0.093458, 0.147487, 0.146909, 0.03209, 0.212607, 0.146909, 0.03209, 0.082596, 0.146909, 0.093459, 0.186353, 0.146909, 0.093459, 0.108745, -0.146909, 0.03209, 0.212606, -0.146909, 0.03209, 0.082596, -0.146909, 0.093458, 0.186352, -0.146909, 0.093458, 0.108745, -0.121398, 0.249839, 0.058304, 0.121398, 0.249839, 0.058304, -0.109627, 0.249839, 0.085221, 0.109627, 0.249839, 0.085221, -0.121399, 0.270123, 0.00794, 0.121398, 0.270123, 0.00794, -0.109627, 0.270123, 0.034857, 0.109627, 0.270123, 0.034857, -0.121399, 0.270124, -0.251492, 0.121399, 0.270124, -0.251492, 0.146909, 0.03209, -0.120053, 0.146909, 0.03209, -0.250054, 0.146909, 0.093459, -0.146306, 0.146909, 0.093459, -0.223907, -0.146909, 0.03209, -0.120054, -0.146909, 0.03209, -0.250054, -0.146909, 0.093458, -0.146307, -0.146909, 0.093458, -0.223907, 0.079053, 0.03209, 0.212607, 0.079053, 0.03209, 0.082596, 0.079053, 0.093459, 0.186353, 0.079053, 0.093459, 0.108745, -0.079053, 0.03209, 0.212606, -0.079053, 0.03209, 0.082596, -0.079053, 0.093458, 0.186352, -0.079053, 0.093458, 0.108745, 0.079053, 0.03209, -0.120053, 0.079053, 0.03209, -0.250054, 0.079053, 0.093459, -0.146306, 0.079053, 0.093459, -0.223907, -0.079053, 0.03209, -0.120054, -0.079053, 0.03209, -0.250054, -0.079053, 0.093458, -0.146307, -0.079053, 0.093458, -0.223907, 0.169713, 0.177991, 0.11044, -0.169713, 0.177991, 0.11044, -0.13232, 0.189818, 0.101857, 0.13232, 0.189818, 0.101857, -0.166997, 0.189818, 0.101857, 0.166997, 0.189818, 0.101857, -0.134472, 0.177991, 0.098868, 0.134472, 0.177991, 0.098868, 0.169713, 0.177991, 0.098868, -0.169713, 0.177991, 0.098868, -0.13232, 0.189818, 0.090286, 0.13232, 0.189818, 0.090286, -0.166997, 0.189818, 0.090286, 0.166997, 0.189818, 0.090286, 0.103879, 0.079258, 0.169315, 0.14648, 0.079258, 0.169315, 0.103879, 0.079258, 0.125661, 0.14648, 0.079258, 0.125661, 0.103879, 0.041452, 0.103833, 0.14648, 0.041452, 0.103833, 0.103879, 0.003646, 0.125661, 0.14648, 0.003646, 0.125661, 0.103879, 0.003646, 0.169315, 0.14648, 0.003646, 0.169315, 0.103879, 0.041452, 0.191142, 0.14648, 0.041452, 0.191142, -0.103878, 0.079258, -0.206867, -0.14648, 0.079258, -0.206867, -0.103878, 0.079258, -0.163213, -0.14648, 0.079258, -0.163213, -0.103879, 0.041452, -0.141385, -0.14648, 0.041452, -0.141385, -0.103878, 0.003646, -0.163213, -0.14648, 0.003646, -0.163213, -0.103878, 0.003646, -0.206867, -0.14648, 0.003646, -0.206867, -0.103878, 0.041452, -0.228694, -0.14648, 0.041452, -0.228695, 0.103879, 0.079258, -0.163213, 0.14648, 0.079258, -0.163213, 0.103879, 0.079258, -0.206867, 0.14648, 0.079258, -0.206867, 0.103879, 0.041452, -0.228695, 0.14648, 0.041452, -0.228695, 0.103879, 0.003646, -0.206867, 0.14648, 0.003646, -0.206867, 0.103879, 0.003646, -0.163213, 0.14648, 0.003646, -0.163213, 0.103879, 0.041452, -0.141385, 0.14648, 0.041452, -0.141385, -0.103879, 0.079258, 0.125661, -0.14648, 0.079258, 0.125661, -0.103879, 0.079258, 0.169315, -0.14648, 0.079258, 0.169315, -0.103879, 0.041452, 0.191142, -0.146481, 0.041452, 0.191142, -0.103879, 0.003646, 0.169315, -0.14648, 0.003646, 0.169315, -0.103879, 0.003646, 0.125661, -0.14648, 0.003646, 0.125661, -0.103879, 0.041452, 0.103833, -0.14648, 0.041452, 0.103833, 0.127776, 0.250747, -0.270668, -0.127776, 0.250747, -0.270668, -0.137342, 0.187624, -0.279822, 0.137342, 0.187624, -0.279822, -0.208628, 0.002666, 0.353106, 0.208628, 0.002666, 0.353106, -0.208628, 0.002666, -0.353106, 0.208628, 0.002666, -0.353106], 
    "metadata": {
        "version": 3, 
        "vertices": 132, 
        "uvs": 1, 
        "generator": "io_three", 
        "normals": 86, 
        "type": "Geometry", 
        "faces": 123
    },