{
    "uvs": [[0.724805, 0.184365, 0.724805, 0.126773, 0.876053, 0.126773, 0.876053, 0.184365, 0.287198, 0.126611, 0.26946, 0.126611, 0.257544, 0.154579, 0.222178, 0.154579, 0.210214, 0.126611, 0.084516, 0.126611, 0.072598, 0.154579, 0.054942, 0.154579, 0.054931, 0.179396, 0.287198, 0.179396, 0.081908, 0.975531, 0.081908, 0.999174, 0.105889, 0.999174, 0.105889, 0.975531, 0.105773, 0.975531, 0.081792, 0.975531, 0.081792, 0.999174, 0.105773, 0.999174, 0.26946, 0.126611, 0.054942, 0.154579, 0.072598, 0.154579, 0.084516, 0.126611, 0.210214, 0.126611, 0.222178, 0.154579, 0.257544, 0.154579, 0.489281, 0.132938, 0.501018, 0.138251, 0.479059, 0.138253, 0.467322, 0.13294, 0.501026, 0.23722, 0.479067, 0.237222, 0.489291, 0.242535, 0.467331, 0.242537, 0.523749, 0.13292, 0.523758, 0.242547, 0.512023, 0.248434, 0.508281, 0.247463, 0.512013, 0.127035, 0.508271, 0.128007, 0.53288, 0.205621, 0.541859, 0.205621, 0.540534, 0.245527, 0.531413, 0.245527, 0.718072, 0.205621, 0.719538, 0.245527, 0.710417, 0.245527, 0.709093, 0.205621, 0.005267, 0.178857, 0.047152, 0.205774, 0.720966, 0.128162, 0.709093, 0.128162, 0.003247, 0.126611, 0.025265, 0.126611, 0.03723, 0.154579, 0.541859, 0.128162, 0.025265, 0.126611, 0.03723, 0.154579, 0.529986, 0.128162, 0.29871, 0.242551, 0.298701, 0.132954, 0.012026, 0.989833, 0.00549, 0.989834, 0.005485, 0.971868, 0.012021, 0.971866, 0.012039, 0.989877, 0.027865, 0.989873, 0.028739, 0.996636, 0.012656, 0.996641, 0.012043, 0.989877, 0.01266, 0.996641, 0.028743, 0.996636, 0.027868, 0.989873, 0.012657, 0.996582, 0.006041, 0.996584, 0.005421, 0.98982, 0.012037, 0.989818, 0.056008, 0.95791, 0.080651, 0.95791, 0.080651, 0.985437, 0.056008, 0.985437, 0.080651, 0.999201, 0.056008, 0.999201, 0.029061, 0.980128, 0.0046, 0.966019, 0.004589, 0.93778, 0.029038, 0.923651, 0.053499, 0.937761, 0.053511, 0.965999, 0.056008, 0.944146, 0.080651, 0.944146, 0.004732, 0.966095, 0.029193, 0.980204, 0.053642, 0.966075, 0.053631, 0.937837, 0.02917, 0.923727, 0.004721, 0.937856, 0.004721, 0.937856, 0.02917, 0.923727, 0.053631, 0.937837, 0.0046, 0.966019, 0.029061, 0.980128, 0.053499, 0.937761, 0.029038, 0.923651, 0.004589, 0.93778, 0.290349, 0.245431, 0.290339, 0.130076, 0.866205, 0.24932, 0.734653, 0.24932, 0.729729, 0.217934, 0.871129, 0.217934, 0.051064, 0.211164, 0.283026, 0.210164, 0.278855, 0.238932, 0.270115, 0.247762, 0.093865, 0.247762, 0.070912, 0.238518, 0.908551, 0.907352, 0.997679, 0.907352, 0.997679, 0.998726, 0.908551, 0.998726]], 
    "vertices": [-0.157305, 0.031546, 0.332289, 0.157305, 0.031546, 0.332289, -0.169285, 0.031546, -0.361206, 0.169285, 0.031546, -0.361206, -0.137747, 0.031546, 0.362248, 0.137747, 0.031546, 0.362248, -0.152538, 0.159146, 0.327356, 0.152538, 0.159146, 0.327356, -0.169285, 0.160464, -0.361206, 0.169285, 0.160464, -0.361206, -0.137747, 0.159146, 0.357315, 0.137747, 0.159146, 0.357315, -0.154953, 0.224886, 0.225058, 0.154953, 0.224886, 0.225058, -0.139928, 0.224886, 0.255018, 0.139928, 0.224886, 0.255018, -0.169285, 0.160464, 0.206059, 0.169285, 0.160464, 0.206059, 0.169285, 0.099852, 0.206034, -0.169285, 0.099852, 0.206033, 0.169285, 0.031546, 0.278515, 0.169285, 0.031546, 0.133806, 0.169285, 0.099852, 0.249292, 0.169285, 0.099852, 0.162911, -0.169285, 0.031546, 0.278514, -0.169285, 0.031546, 0.133806, -0.169285, 0.099852, 0.249291, -0.169285, 0.099852, 0.162911, -0.139889, 0.304857, 0.167029, 0.139889, 0.304857, 0.167029, -0.126324, 0.304857, 0.196989, 0.126324, 0.304857, 0.196989, -0.139889, 0.327434, 0.110971, 0.139889, 0.327434, 0.110971, -0.126324, 0.327434, 0.140931, 0.126324, 0.327434, 0.140931, -0.139889, 0.327434, -0.319484, 0.139889, 0.327434, -0.319484, 0.169285, 0.031546, -0.173187, 0.169285, 0.031546, -0.317884, 0.169285, 0.099852, -0.202407, 0.169285, 0.099852, -0.288781, -0.169285, 0.031546, -0.173188, -0.169285, 0.031546, -0.317884, -0.169285, 0.099852, -0.202408, -0.169285, 0.099852, -0.288781, 0.091094, 0.031546, 0.278515, 0.091094, 0.031546, 0.133806, 0.091094, 0.099852, 0.249292, 0.091094, 0.099852, 0.162911, -0.091094, 0.031546, 0.278514, -0.091094, 0.031546, 0.133806, -0.091094, 0.099852, 0.249291, -0.091094, 0.099852, 0.162911, 0.091094, 0.031546, -0.173187, 0.091094, 0.031546, -0.317884, 0.091094, 0.099852, -0.202407, 0.091094, 0.099852, -0.288781, -0.091094, 0.031546, -0.173188, -0.091094, 0.031546, -0.317884, -0.091094, 0.099852, -0.202408, -0.091094, 0.099852, -0.288781, 0.195562, 0.224886, 0.225058, -0.195562, 0.224886, 0.225058, -0.152474, 0.23805, 0.215506, 0.152474, 0.23805, 0.215506, -0.192433, 0.23805, 0.215506, 0.192433, 0.23805, 0.215506, -0.154953, 0.224886, 0.212178, 0.154953, 0.224886, 0.212178, 0.195562, 0.224886, 0.212178, -0.195562, 0.224886, 0.212178, -0.152474, 0.23805, 0.202626, 0.152474, 0.23805, 0.202626, -0.192433, 0.23805, 0.202626, 0.192433, 0.23805, 0.202626, 0.119701, 0.084046, 0.230328, 0.168791, 0.084046, 0.230328, 0.119701, 0.084046, 0.181739, 0.168791, 0.084046, 0.181739, 0.119701, 0.041966, 0.157444, 0.168791, 0.041966, 0.157444, 0.119701, -0.000114, 0.181739, 0.168791, -0.000114, 0.181739, 0.119701, -0.000114, 0.230328, 0.168791, -0.000114, 0.230328, 0.119701, 0.041966, 0.254623, 0.168791, 0.041966, 0.254623, -0.1197, 0.084046, -0.269815, -0.168791, 0.084046, -0.269815, -0.1197, 0.084046, -0.221225, -0.168791, 0.084046, -0.221225, -0.119701, 0.041966, -0.19693, -0.168791, 0.041966, -0.19693, -0.1197, -0.000114, -0.221225, -0.168791, -0.000114, -0.221225, -0.1197, -0.000114, -0.269815, -0.168791, -0.000114, -0.269815, -0.1197, 0.041966, -0.29411, -0.168791, 0.041966, -0.29411, 0.119701, 0.084046, -0.221225, 0.168791, 0.084046, -0.221225, 0.119701, 0.084046, -0.269815, 0.168791, 0.084046, -0.269815, 0.119701, 0.041966, -0.29411, 0.168791, 0.041966, -0.29411, 0.119701, -0.000114, -0.269815, 0.168791, -0.000114, -0.269815, 0.119701, -0.000114, -0.221225, 0.168791, -0.000114, -0.221225, 0.119701, 0.041966, -0.196931, 0.168791, 0.041966, -0.196931, -0.119701, 0.084046, 0.181739, -0.168791, 0.084046, 0.181739, -0.119701, 0.084046, 0.230328, -0.168791, 0.084046, 0.230328, -0.119701, 0.041966, 0.254623, -0.168791, 0.041966, 0.254623, -0.119701, -0.000114, 0.230328, -0.168791, -0.000114, 0.230328, -0.119701, -0.000114, 0.181739, -0.168791, -0.000114, 0.181739, -0.119701, 0.041966, 0.157444, -0.168791, 0.041966, 0.157444, 0.147238, 0.305867, -0.340829, -0.147238, 0.305867, -0.340829, -0.158261, 0.235608, -0.351017, 0.158261, 0.235608, -0.351017, -0.240234, 0.002045, 0.428391, 0.240234, 0.002045, 0.428391, -0.240234, 0.002045, -0.428391, 0.240234, 0.002045, -0.428391], 
    "metadata": {
        "version": 3, 
        "vertices": 132, 
        "uvs": 1, 
        "generator": "io_three", 
        "normals": 83, 
        "type": "Geometry", 
        "faces": 123
    },