{"vertices": [3.52179, 0.0133291, 1.64712, 2.85314, 0.0133291, 1.64888, 2.85574, 0.0133291, 1.79851, 2.67117, 0.0133291, 1.80258, 2.66914, 0.0133291, 1.65183, 1.89767, 0.0133291, 1.65358, 1.89333, 0.0133291, 1.80784, 1.70646, 0.0133291, 1.8096, 1.70443, 0.0133291, 1.43934, 1.23796, 0.0133291, 1.43416, 0.993614, 0.0133291, 2.58398, 3.22715, 0.0133291, 0.825333, 0.992358, 0.0133291, 0.877114, 3.52039, 0.0133291, 0.826485, 5.76883, 0.013329, -1.88001, 5.7708, 0.013329, -1.02005, 4.98182, 0.013329, -1.01896, 3.72888, 0.013329, -1.01599, 2.06894, 0.013329, -1.01467, 1.42192, 0.013329, -1.013, 0.823467, 0.013329, -1.01389, 0.823664, 0.013329, -0.764169, 1.70696, 0.013329, -0.761094, 1.71983, 0.013329, -0.107188, 2.11201, 0.0133291, -0.104112, 2.1048, 0.0133291, 0.224444, 1.6698, 0.013329, 0.223325, 3.20601, 0.013329, 0.231445, 3.20937, 0.013329, -0.254381, 2.42697, 0.013329, -0.254361, 2.42363, 0.013329, -0.764406, 3.78979, 0.013329, -0.760892, 4.97637, 0.013329, -0.760872, 5.8129, 0.0133291, -0.760852, 6.38983, 0.013329, -0.758018, 7.67626, 0.013329, -0.763176, 7.93743, 0.013329, -0.766172, 7.93832, 0.013329, -1.02286, 7.03855, 0.013329, -1.02644, 7.03226, 0.0133289, -1.86208, 7.05293, 0.0133289, -1.90924, 4.987, 0.0133289, -1.90768, 3.72514, 0.0133289, -1.90693, 2.06898, 0.0133289, -1.90594, 1.42346, 0.0133289, -1.90556, 0.822775, 0.0133289, -1.9052, -0.179904, 0.0133289, -1.9046, 0.380647, 0.013329, 0.243164, 3.78516, 0.013329, 0.244693, 4.96718, 0.013329, 0.24364, 5.80902, 0.013329, 0.242891, 6.39358, 0.013329, 0.24237, 7.67155, 0.013329, 0.241232, 8.55831, 0.013329, 0.240443, 8.55937, 0.013329, -0.723736, 7.94142, 0.0133289, -1.90849, 8.56067, 0.0133289, -1.90796, 5.753, 0.0133289, -1.90813, 1.66659, 0.013329, 0.245421, 1.66468, 0.0133291, 0.821966, 0.989668, 0.0133291, 0.819831, 1.24044, 0.0133291, 0.877597, 0.991008, 0.0133291, 1.43506, 3.52318, 0.0133291, 2.5883, 3.23367, 0.013329, 0.245184, 1.29132, 0.0133291, 0.903988, 1.57501, 0.0133292, 1.40068, 1.57501, 0.013329, 0.903988], "metadata": {"generator": "io_three", "type": "Geometry", "normals": 2, "vertices": 68, "version": 3, "faces": 60, "uvs": 1}, "normals": [0, 0.999969, 0, 0, 1, 0], "faces": [41, 41, 42, 17, 16, 0, 1, 2, 3, 0, 1, 1, 1, 41, 18, 17, 42, 43, 4, 2, 1, 5, 1, 1, 1, 1, 41, 19, 18, 43, 44, 6, 4, 5, 7, 1, 1, 1, 1, 41, 20, 19, 44, 45, 8, 6, 7, 9, 1, 1, 1, 1, 41, 32, 31, 48, 49, 10, 11, 12, 13, 0, 1, 1, 1, 41, 33, 32, 49, 50, 14, 10, 13, 15, 1, 0, 1, 1, 41, 35, 34, 51, 52, 16, 17, 18, 19, 1, 1, 1, 1, 40, 54, 36, 35, 22, 20, 16, 0, 1, 1, 40, 35, 52, 53, 16, 19, 21, 1, 1, 1, 40, 35, 53, 54, 16, 21, 22, 1, 1, 0, 40, 56, 55, 37, 25, 23, 24, 1, 1, 0, 40, 37, 36, 54, 24, 20, 22, 0, 1, 0, 40, 37, 54, 56, 24, 22, 25, 0, 0, 1, 40, 55, 40, 39, 23, 26, 27, 1, 0, 1, 40, 39, 38, 37, 27, 28, 24, 1, 1, 0, 40, 39, 37, 55, 27, 24, 23, 1, 0, 1, 40, 14, 57, 41, 31, 29, 0, 0, 1, 0, 40, 41, 16, 15, 0, 3, 30, 0, 1, 1, 40, 41, 15, 14, 0, 30, 31, 0, 1, 0, 40, 47, 58, 26, 40, 32, 33, 1, 1, 0, 40, 26, 25, 24, 33, 34, 35, 0, 1, 1, 40, 23, 22, 21, 36, 37, 38, 1, 1, 1, 40, 26, 24, 23, 33, 35, 36, 0, 1, 1, 40, 46, 47, 26, 39, 40, 33, 1, 1, 0, 40, 20, 45, 46, 8, 9, 39, 1, 1, 1, 40, 26, 23, 21, 33, 36, 38, 0, 1, 1, 40, 21, 20, 46, 38, 8, 39, 1, 1, 1, 40, 26, 21, 46, 33, 38, 39, 0, 1, 1, 40, 31, 30, 29, 11, 41, 42, 1, 1, 1, 40, 64, 48, 31, 45, 12, 11, 1, 1, 1, 40, 28, 27, 64, 43, 44, 45, 0, 1, 1, 40, 31, 29, 28, 11, 42, 43, 1, 1, 0, 40, 31, 28, 64, 11, 43, 45, 1, 0, 1, 40, 63, 0, 1, 58, 46, 47, 1, 1, 1, 40, 3, 4, 5, 49, 50, 51, 1, 1, 1, 40, 63, 1, 2, 58, 47, 48, 1, 1, 1, 40, 3, 5, 6, 49, 51, 52, 1, 1, 1, 40, 63, 2, 3, 58, 48, 49, 1, 1, 1, 40, 9, 62, 10, 55, 56, 57, 0, 1, 1, 40, 10, 63, 3, 57, 58, 49, 1, 1, 1, 40, 3, 6, 7, 49, 52, 53, 1, 1, 1, 40, 7, 8, 9, 53, 54, 55, 1, 1, 0, 40, 10, 3, 7, 57, 49, 53, 1, 1, 1, 40, 7, 9, 10, 53, 55, 57, 1, 0, 1, 40, 13, 11, 59, 76, 59, 60, 1, 1, 1, 40, 59, 60, 12, 60, 61, 62, 1, 1, 1, 40, 61, 65, 67, 63, 64, 65, 1, 1, 1, 40, 59, 12, 61, 60, 62, 63, 1, 1, 1, 40, 0, 13, 59, 75, 76, 60, 1, 1, 1, 40, 3, 2, 1, 72, 73, 74, 1, 1, 1, 40, 1, 0, 59, 74, 75, 60, 1, 1, 1, 40, 59, 61, 67, 60, 63, 65, 1, 1, 1, 40, 67, 66, 8, 65, 66, 67, 1, 1, 1, 40, 8, 7, 6, 67, 68, 69, 1, 1, 1, 40, 4, 3, 1, 71, 72, 74, 1, 1, 1, 40, 8, 6, 5, 67, 69, 70, 1, 1, 1, 40, 5, 4, 1, 70, 71, 74, 1, 1, 1, 40, 1, 59, 67, 74, 60, 65, 1, 1, 1, 40, 67, 8, 5, 65, 67, 70, 1, 1, 1, 40, 67, 5, 1, 65, 70, 74, 1, 1, 1], "uvs": [[0.508547, 0.749964, 0.508612, 0.710773, 0.563728, 0.710923, 0.563526, 0.749836, 0.563835, 0.659369, 0.508697, 0.659337, 0.563948, 0.639274, 0.508731, 0.639289, 0.563901, 0.620688, 0.508762, 0.620633, 0.579493, 0.749676, 0.579509, 0.712824, 0.641718, 0.712717, 0.641635, 0.749428, 0.579481, 0.775656, 0.641577, 0.775573, 0.57931, 0.833528, 0.579648, 0.793575, 0.641536, 0.793728, 0.641446, 0.833419, 0.579121, 0.841639, 0.641385, 0.860959, 0.581737, 0.860956, 0.508453, 0.84172, 0.563241, 0.841657, 0.508477, 0.860953, 0.50842, 0.814126, 0.511337, 0.813486, 0.563033, 0.813712, 0.508507, 0.773753, 0.563447, 0.774339, 0.510247, 0.774246, 0.641795, 0.64692, 0.640427, 0.647019, 0.64049, 0.660529, 0.620165, 0.660741, 0.61998, 0.64856, 0.579527, 0.648136, 0.57935, 0.620703, 0.508814, 0.589493, 0.641674, 0.606982, 0.579312, 0.670394, 0.610865, 0.670517, 0.610852, 0.694816, 0.640907, 0.69473, 0.641757, 0.695589, 0.307725, 0.793826, 0.307391, 0.830897, 0.298593, 0.830682, 0.298291, 0.840913, 0.307154, 0.841097, 0.306785, 0.883869, 0.297713, 0.884037, 0.297546, 0.894397, 0.319316, 0.894685, 0.31946, 0.92055, 0.319322, 0.934242, 0.251765, 0.933551, 0.252383, 0.793302, 0.63577, 0.0599621, 0.636365, 0.358812, 0.636738, 0.487919, 0.626977, 0.487405, 0.626891, 0.439955, 0.622393, 0.430225, 0.622389, 0.375964, 0.537751, 0.375972, 0.531163, 0.351218, 0.46807, 0.350836, 0.468366, 0.315092, 0.494652, 0.31426, 0.494941, 0.166703, 0.469253, 0.166317, 0.469943, 0.131015, 0.495442, 0.13151, 0.495732, 0.00362045, 0.63557, 0.00387412]], "name": "Plan.002Geometry"}