{"normals": [0, 0, 1, 0, 0, 0.999969, 1, 0, 0, 0.999969, 0, 0, 0, 0, -1, 0, 0, -0.999969, -0.999969, 0, 0, -1, 0, 0], "vertices": [-1.68544, -0.0010263, -0.48935, -1.93454, -0.0010263, -0.48935, -1.68544, 0.128998, -0.48935, -1.93454, 0.128998, -0.48935, -12.0876, 0.382985, 3.34402, -12.0876, 0.210305, 3.34402, -11.7257, 0.382985, 3.34402, -11.7257, 0.210305, 3.34402, -11.6837, 0.382985, 3.34402, -11.6837, 0.210305, 3.34402, -11.3218, 0.382985, 3.34402, -11.3218, 0.210305, 3.34402, -11.8201, 0.382985, 3.34402, -11.811, 0.382985, 3.34402, -11.4162, 0.382985, 3.34402, -11.407, 0.382985, 3.34402, -11.4162, 0.210305, 3.34402, -11.407, 0.210305, 3.34402, -11.8201, 0.210305, 3.34402, -11.811, 0.210305, 3.34402, -11.2743, 0.382985, 3.34402, -11.2743, 0.210305, 3.34402, -10.8946, 0.382985, 3.34402, -10.8946, 0.210305, 3.34402, -10.8504, 0.382985, 3.34402, -10.8504, 0.210305, 3.34402, -10.4707, 0.382985, 3.34402, -10.4707, 0.210305, 3.34402, -10.9936, 0.382985, 3.34402, -10.984, 0.382985, 3.34402, -10.5697, 0.382985, 3.34402, -10.5601, 0.382985, 3.34402, -10.5697, 0.210305, 3.34402, -10.5601, 0.210305, 3.34402, -10.9936, 0.210305, 3.34402, -10.984, 0.210305, 3.34402, -10.4223, 0.382985, 3.34402, -10.4223, 0.210305, 3.34402, -10.0421, 0.382985, 3.34402, -10.0421, 0.210305, 3.34402, -9.99784, 0.382985, 3.34402, -9.99784, 0.210305, 3.34402, -9.61759, 0.382985, 3.34402, -9.61759, 0.210305, 3.34402, -10.1413, 0.382985, 3.34402, -10.1316, 0.382985, 3.34402, -9.71677, 0.382985, 3.34402, -9.70713, 0.382985, 3.34402, -9.71677, 0.210305, 3.34402, -9.70713, 0.210305, 3.34402, -10.1413, 0.210305, 3.34402, -10.1316, 0.210305, 3.34402, -9.5687, 0.382985, 3.34402, -9.5687, 0.210305, 3.34402, -9.18845, 0.382985, 3.34402, -9.18845, 0.210305, 3.34402, -9.14421, 0.382985, 3.34402, -9.14421, 0.210305, 3.34402, -8.76396, 0.382985, 3.34402, -8.76396, 0.210305, 3.34402, -9.28763, 0.382985, 3.34402, -9.27799, 0.382985, 3.34402, -8.86314, 0.382985, 3.34402, -8.8535, 0.382985, 3.34402, -8.86314, 0.210305, 3.34402, -8.8535, 0.210305, 3.34402, -9.28763, 0.210305, 3.34402, -9.27799, 0.210305, 3.34402, -8.71585, 0.382985, 3.34402, -8.71584, 0.210305, 3.34402, -8.3356, 0.382985, 3.34402, -8.3356, 0.210305, 3.34402, -8.29136, 0.382985, 3.34402, -8.29136, 0.210305, 3.34402, -7.9111, 0.382985, 3.34402, -7.9111, 0.210305, 3.34402, -8.43478, 0.382985, 3.34402, -8.42514, 0.382985, 3.34402, -8.01029, 0.382985, 3.34402, -8.00065, 0.382985, 3.34402, -8.01029, 0.210305, 3.34402, -8.00065, 0.210305, 3.34402, -8.43478, 0.210305, 3.34402, -8.42514, 0.210305, 3.34402, -7.86286, 0.382985, 3.34402, -7.86285, 0.210305, 3.34402, -7.4826, 0.382985, 3.34402, -7.4826, 0.210305, 3.34402, -7.43837, 0.382985, 3.34402, -7.43837, 0.210305, 3.34402, -7.05811, 0.382985, 3.34402, -7.05811, 0.210305, 3.34402, -7.58179, 0.382985, 3.34402, -7.57215, 0.382985, 3.34402, -7.1573, 0.382985, 3.34402, -7.14766, 0.382985, 3.34402, -7.1573, 0.210305, 3.34402, -7.14766, 0.210305, 3.34402, -7.58179, 0.210305, 3.34402, -7.57215, 0.210305, 3.34402, -7.01011, 0.382985, 3.34402, -7.01011, 0.210305, 3.34402, -6.62986, 0.382985, 3.34402, -6.62986, 0.210305, 3.34402, -6.58562, 0.382985, 3.34402, -6.58562, 0.210305, 3.34402, -6.20537, 0.382985, 3.34402, -6.20537, 0.210305, 3.34402, -6.72904, 0.382985, 3.34402, -6.7194, 0.382985, 3.34402, -6.30455, 0.382985, 3.34402, -6.29491, 0.382985, 3.34402, -6.30455, 0.210305, 3.34402, -6.29491, 0.210305, 3.34402, -6.72904, 0.210305, 3.34402, -6.7194, 0.210305, 3.34402, -6.1573, 0.382985, 3.34402, -6.1573, 0.210305, 3.34402, -5.78533, 0.382985, 3.34402, -5.78533, 0.210305, 3.34402, -5.74206, 0.382985, 3.34402, -5.74206, 0.210305, 3.34402, -5.37008, 0.382985, 3.34402, -5.37008, 0.210305, 3.34402, -5.88236, 0.382985, 3.34402, -5.87293, 0.382985, 3.34402, -5.46711, 0.382985, 3.34402, -5.45768, 0.382985, 3.34402, -5.46711, 0.210305, 3.34402, -5.45768, 0.210305, 3.34402, -5.88236, 0.210305, 3.34402, -5.87293, 0.210305, 3.34402, -2.72415, 0.382985, 3.32527, -2.72415, 0.210305, 3.32527, -2.72415, 0.382985, 3.02086, -2.72415, 0.210305, 3.02086, -2.72415, 0.382985, 2.98545, -2.72415, 0.210305, 2.98545, -2.72415, 0.382985, 2.68104, -2.72415, 0.210305, 2.68104, -2.72415, 0.382985, 3.10027, -2.72415, 0.382985, 3.09255, -2.72415, 0.382985, 2.76044, -2.72415, 0.382985, 2.75273, -2.72415, 0.210305, 2.76044, -2.72415, 0.210305, 2.75273, -2.72415, 0.210305, 3.10027, -2.72415, 0.210305, 3.09255, -2.72415, 0.382985, 2.18857, -2.72415, 0.210305, 2.18857, -2.72415, 0.382985, 1.88416, -2.72415, 0.210305, 1.88416, -2.72415, 0.382985, 1.84875, -2.72415, 0.210305, 1.84875, -2.72415, 0.382985, 1.54434, -2.72415, 0.210305, 1.54434, -2.72415, 0.382985, 1.96356, -2.72415, 0.382985, 1.95584, -2.72415, 0.382985, 1.62374, -2.72415, 0.382985, 1.61602, -2.72415, 0.210305, 1.62374, -2.72415, 0.210305, 1.61602, -2.72415, 0.210305, 1.96356, -2.72415, 0.210305, 1.95584, -1.98339, 0.382985, -1.57935, -1.98339, 0.210304, -1.57935, -2.36097, 0.382985, -1.57935, -2.36097, 0.210304, -1.57935, -2.4049, 0.382985, -1.57935, -2.4049, 0.210304, -1.57935, -2.78249, 0.382985, -1.57935, -2.78249, 0.210304, -1.57935, -2.26248, 0.382985, -1.57935, -2.27206, 0.382985, -1.57935, -2.684, 0.382985, -1.57935, -2.69357, 0.382985, -1.57935, -2.684, 0.210304, -1.57935, -2.69357, 0.210304, -1.57935, -2.26248, 0.210304, -1.57935, -2.27206, 0.210304, -1.57935, -2.83085, 0.382985, -1.57935, -2.83085, 0.210304, -1.57935, -3.20843, 0.382985, -1.57935, -3.20843, 0.210304, -1.57935, -3.25236, 0.382985, -1.57935, -3.25236, 0.210304, -1.57935, -3.62995, 0.382985, -1.57935, -3.62995, 0.210304, -1.57935, -3.10994, 0.382985, -1.57935, -3.11952, 0.382985, -1.57935, -3.53146, 0.382985, -1.57935, -3.54103, 0.382985, -1.57935, -3.53146, 0.210304, -1.57935, -3.54103, 0.210304, -1.57935, -3.10994, 0.210304, -1.57935, -3.11952, 0.210304, -1.57935, -3.67829, 0.382985, -1.57935, -3.67829, 0.210304, -1.57935, -4.05588, 0.382985, -1.57935, -4.05588, 0.210304, -1.57935, -4.09981, 0.382985, -1.57935, -4.09981, 0.210304, -1.57935, -4.47739, 0.382985, -1.57935, -4.47739, 0.210304, -1.57935, -3.95739, 0.382985, -1.57935, -3.96696, 0.382985, -1.57935, -4.3789, 0.382985, -1.57935, -4.38848, 0.382985, -1.57935, -4.3789, 0.210304, -1.57935, -4.38848, 0.210304, -1.57935, -3.95739, 0.210304, -1.57935, -3.96696, 0.210304, -1.57935, -4.52575, 0.382985, -1.57935, -4.52575, 0.210304, -1.57935, -4.90334, 0.382985, -1.57935, -4.90334, 0.210304, -1.57935, -4.94727, 0.382985, -1.57935, -4.94727, 0.210304, -1.57935, -5.32485, 0.382985, -1.57935, -5.32485, 0.210304, -1.57935, -4.80485, 0.382985, -1.57935, -4.81442, 0.382985, -1.57935, -5.22636, 0.382985, -1.57935, -5.23594, 0.382985, -1.57935, -5.22636, 0.210304, -1.57935, -5.23594, 0.210304, -1.57935, -4.80485, 0.210304, -1.57935, -4.81442, 0.210304, -1.57935, -5.37316, 0.382985, -1.57935, -5.37316, 0.210304, -1.57935, -5.75075, 0.382985, -1.57935, -5.75075, 0.210304, -1.57935, -5.79467, 0.382985, -1.57935, -5.79467, 0.210304, -1.57935, -6.17226, 0.382985, -1.57935, -6.17226, 0.210304, -1.57935, -5.65226, 0.382985, -1.57935, -5.66183, 0.382985, -1.57935, -6.07377, 0.382985, -1.57935, -6.08334, 0.382985, -1.57935, -6.07377, 0.210304, -1.57935, -6.08334, 0.210304, -1.57935, -5.65226, 0.210304, -1.57935, -5.66183, 0.210304, -1.57935, -6.22062, 0.382985, -1.57935, -6.22062, 0.210304, -1.57935, -6.59821, 0.382985, -1.57935, -6.59821, 0.210304, -1.57935, -6.64213, 0.382985, -1.57935, -6.64213, 0.210304, -1.57935, -7.01972, 0.382985, -1.57935, -7.01972, 0.210304, -1.57935, -6.49972, 0.382985, -1.57935, -6.50929, 0.382985, -1.57935, -6.92123, 0.382985, -1.57935, -6.9308, 0.382985, -1.57935, -6.92123, 0.210304, -1.57935, -6.9308, 0.210304, -1.57935, -6.49972, 0.210304, -1.57935, -6.50929, 0.210304, -1.57935, -7.06746, 0.382985, -1.57935, -7.06746, 0.210304, -1.57935, -7.44504, 0.382985, -1.57935, -7.44504, 0.210304, -1.57935, -7.48897, 0.382985, -1.57935, -7.48897, 0.210304, -1.57935, -7.86656, 0.382985, -1.57935, -7.86656, 0.210304, -1.57935, -7.34655, 