{"faces": [33, 0, 1, 3, 2, 0, 0, 0, 0, 33, 7, 6, 4, 5, 1, 1, 1, 1, 33, 11, 10, 8, 9, 1, 1, 1, 1, 33, 15, 14, 12, 13, 1, 1, 1, 1, 33, 19, 18, 16, 17, 1, 1, 1, 1, 33, 23, 22, 20, 21, 1, 1, 1, 1, 33, 27, 26, 24, 25, 1, 1, 1, 1, 33, 31, 30, 28, 29, 1, 1, 1, 1, 33, 35, 34, 32, 33, 1, 1, 1, 1, 33, 39, 38, 36, 37, 1, 1, 1, 1, 33, 43, 42, 40, 41, 1, 1, 1, 1, 33, 47, 46, 44, 45, 2, 2, 2, 2, 33, 51, 50, 48, 49, 2, 2, 2, 2, 33, 55, 54, 52, 53, 2, 2, 2, 2, 33, 59, 58, 56, 57, 2, 2, 2, 2, 33, 63, 62, 60, 61, 2, 2, 2, 2, 33, 64, 65, 67, 66, 3, 3, 3, 3, 33, 71, 70, 68, 69, 1, 1, 1, 1, 33, 75, 74, 72, 73, 4, 5, 5, 5, 33, 79, 78, 76, 77, 6, 3, 3, 3, 33, 83, 82, 80, 81, 6, 3, 3, 3, 33, 87, 86, 84, 85, 3, 3, 3, 3, 33, 91, 90, 88, 89, 3, 3, 3, 3, 33, 95, 94, 92, 93, 3, 3, 3, 3, 33, 99, 98, 96, 97, 3, 3, 6, 3, 33, 103, 102, 100, 101, 3, 3, 6, 3, 33, 107, 106, 104, 105, 3, 3, 6, 3, 33, 111, 110, 108, 109, 3, 3, 6, 3, 33, 115, 114, 112, 113, 3, 3, 6, 3, 33, 119, 118, 116, 117, 3, 3, 6, 3, 33, 123, 122, 120, 121, 3, 3, 6, 3, 33, 127, 126, 124, 125, 3, 3, 6, 3, 33, 131, 130, 128, 129, 3, 3, 6, 3, 33, 135, 134, 132, 133, 3, 3, 6, 3, 33, 139, 138, 136, 137, 3, 3, 6, 3, 33, 143, 142, 140, 141, 0, 0, 0, 0, 33, 147, 146, 144, 145, 0, 0, 0, 0, 33, 151, 150, 148, 149, 0, 0, 0, 0, 33, 155, 154, 152, 153, 0, 0, 0, 0, 33, 159, 158, 156, 157, 0, 0, 0, 0, 33, 163, 162, 160, 161, 0, 0, 0, 0, 33, 164, 165, 167, 166, 0, 0, 0, 0, 33, 171, 170, 168, 169, 0, 0, 0, 0, 33, 172, 173, 175, 174, 0, 0, 0, 0, 33, 179, 178, 176, 177, 0, 0, 0, 0, 33, 180, 181, 183, 182, 0, 0, 0, 0, 33, 187, 186, 184, 185, 0, 0, 0, 0, 33, 188, 189, 191, 190, 0, 0, 0, 0, 33, 195, 194, 192, 193, 0, 0, 0, 0, 33, 196, 197, 199, 198, 0, 0, 0, 0, 33, 203, 202, 200, 201, 0, 0, 0, 0, 33, 204, 205, 207, 206, 0, 0, 0, 0], "vertices": [6.7119, 0.535088, -2.5678, 6.50028, 0.535088, -2.5678, 6.7119, 0.908549, -2.5678, 6.50028, 0.908549, -2.5678, 8.53822, 0.901485, 0.0636896, 8.53822, 0.901485, 0.182277, 8.53822, 0.542814, 0.0636896, 8.53822, 0.542814, 0.182277, 8.53822, 0.901485, -0.331944, 8.53822, 0.901485, -0.213357, 8.53822, 0.542814, -0.331944, 8.53822, 0.542814, -0.213357, 8.53822, 0.901485, -0.716282, 8.53822, 0.901485, -0.597695, 8.53822, 0.542814, -0.716282, 8.53822, 0.542814, -0.597695, 8.53822, 0.901485, -1.11364, 8.53822, 0.901485, -0.99505, 8.53822, 0.542814, -1.11364, 8.53822, 0.542814, -0.99505, 8.53822, 0.901485, -1.51473, 8.53822, 0.901485, -1.39615, 8.53822, 0.542814, -1.51473, 8.53822, 0.542814, -1.39615, 8.53822, 0.901485, 0.0636896, 8.53822, 0.901485, 0.182277, 8.53822, 0.542814, 0.0636896, 8.53822, 0.542814, 0.182277, 8.53822, 0.901485, -0.331944, 8.53822, 0.901485, -0.213357, 8.53822, 0.542814, -0.331944, 8.53822, 0.542814, -0.213357, 8.53822, 0.901485, -0.716282, 8.53822, 0.901485, -0.597695, 8.53822, 0.542814, -0.716282, 8.53822, 0.542814, -0.597695, 8.53822, 0.901485, -1.11364, 8.53822, 0.901485, -0.99505, 8.53822, 0.542814, -1.11364, 8.53822, 0.542814, -0.99505, 8.53822, 0.901485, -1.51473, 8.53822, 0.901485, -1.39615, 8.53822, 0.542814, -1.51473, 8.53822, 0.542814, -1.39615, -0.0699215, 0.901485, -1.57952, -0.0996084, 0.901485, -1.69433, -0.0699215, 0.542814, -1.57952, -0.0996084, 0.542814, -1.69433, 0.0322719, 0.901485, -1.19081, 0.00258446, 0.901485, -1.30563, 0.0322719, 0.542814, -1.19081, 0.00258446, 0.542814, -1.30562, 0.134788, 0.901485, -0.807998, 0.105102, 0.901485, -0.92281, 0.134788, 0.542814, -0.807998, 0.105102, 0.542814, -0.92281, 0.23111, 0.901485, -0.43401, 0.201423, 0.901485, -0.548822, 0.23111, 0.542814, -0.43401, 0.201423, 0.542814, -0.548822, 0.332781, 0.901485, -0.0519879, 0.303094, 0.901485, -0.1668, 0.332781, 0.542814, -0.0519879, 0.303094, 0.542814, -0.1668, 5.83141, 0.545204, 0.241728, 6.36601, 0.545204, 0.241728, 5.83141, 1.07003, 0.241728, 6.36601, 1.07003, 0.241728, 3.23039, 1.07003, 0.257906, 3.23039, 1.07003, 0.818572, 3.23039, 0.545204, 0.257906, 3.23039, 0.545204, 0.818572, 1.66812, 1.07121, 0.818572, 1.66812, 1.07121, 0.257906, 1.66812, 0.540871, 0.818572, 1.66812, 0.540871, 0.257906, 2.41677, 0.909066, 0.845795, 1.85611, 0.909066, 0.845795, 2.41677, 0.651415, 0.845795, 1.85611, 0.651415, 0.845795, 3.06032, 0.909066, 0.845795, 2.49965, 0.909066, 0.845795, 3.06032, 0.651415, 0.845795, 2.49965, 0.651415, 0.845795, 0.70318, 0.909066, 0.213912, 0.448962, 0.909066, 0.213912, 0.70318, 0.651415, 0.213912, 0.448962, 0.651415, 0.213912, 1.09772, 0.909066, 0.213912, 0.843499, 0.909066, 0.213912, 1.09772, 0.651415, 0.213912, 0.843499, 0.651415, 0.213912, 1.49286, 0.909066, 0.213912, 1.23864, 0.909066, 0.213912, 1.49286, 0.651415, 0.213912, 1.23864, 0.651415, 0.213912, 3.53127, 0.909066, 0.213912, 3.25901, 0.909066, 0.213912, 3.53127, 0.651415, 0.213912, 3.25901, 0.651415, 0.213912, 3.95575, 0.909066, 0.213912, 3.68349, 0.909066, 0.213912, 3.95575, 0.651415, 0.213912, 3.68349, 0.651415, 0.213912, 4.38095, 0.909066, 0.213912, 4.10869, 0.909066, 0.213912, 4.38095, 0.651415, 0.213912, 4.10869, 0.651415, 0.213912, 4.80264, 0.909066, 0.213912, 4.53038, 0.909066, 0.213912, 4.80264, 0.651415, 0.213912, 4.53038, 0.651415, 0.213912, 5.22712, 0.909066, 0.213912, 4.95486, 0.909066, 0.213912, 5.22712, 0.651415, 0.213912, 4.95486, 0.651415, 0.213912, 5.65232, 0.909066, 0.213912, 5.38006, 0.909066, 0.213912, 5.65232, 0.651415, 0.213912, 5.38006, 0.651415, 0.213912, 6.69333, 0.909066, 0.213912, 6.42107, 0.909066, 0.213912, 6.69333, 0.651415, 0.213912, 6.42107, 0.651415, 0.213912, 7.11781, 0.909066, 0.213912, 6.84555, 0.909066, 0.213912, 7.11781, 0.651415, 0.213912, 6.84555, 0.651415, 0.213912, 7.54301, 0.909066, 0.213912, 7.27075, 0.909066, 0.213912, 7.54301, 0.651415, 0.213912, 7.27075, 0.651415, 0.213912, 7.9647, 0.909066, 0.213912, 7.69244, 0.909066, 0.213912, 7.9647, 0.651415, 0.213912, 7.69244, 0.651415, 0.213912, 8.38918, 0.909066, 0.213912, 8.11692, 0.909066, 0.213912, 8.38918, 0.651415, 0.213912, 8.11692, 0.651415, 0.213912, 8.24766, 0.909066, -1.88394, 8.50696, 0.909066, -1.88394, 8.24766, 0.651415, -1.88394, 8.50696, 0.651415, -1.88394, 7.85231, 0.909066, -1.88394, 8.1116, 0.909066, -1.88394, 7.85231, 0.651415, -1.88394, 8.1116, 0.651415, -1.88394, 7.45864, 0.909066, -1.88394, 7.71794, 0.909066, -1.88394, 7.45864, 0.651415, -1.88394, 7.71794, 0.651415, -1.88394, 7.0656, 0.909066, -1.88394, 7.32489, 0.909066, -1.88394, 7.0656, 0.651415, -1.88394, 7.32489, 0.651415, -1.88394, 5.43676, 0.909066, -1.88146, 5.73904, 0.909066, -1.88146, 5.43676, 0.651415, -1.88146, 5.73904, 0.651415, -1.88146, 4.51509, 0.909066, -1.88146, 4.81737, 0.909066, -1.88146, 4.51509, 0.651415, -1.88146, 4.81737, 0.651415, -1.88146, 5.27895, 0.651415, -1.88146, 4.97667, 0.651415, -1.88146, 5.27895, 0.909066, -1.88146, 4.97667, 0.909066, -1.88146, 3.58932, 0.909066, -1.88146, 3.8916, 0.909066, -1.88146, 3.58932, 0.651415, -1.88146, 3.8916, 0.651415, -1.88146, 4.35319, 0.651415, -1.88146, 4.05091, 0.651415, -1.88146, 4.35319, 0.909066, -1.88146, 4.05091, 0.909066, -1.88146, 2.66644, 0.909066, -1.88146, 2.96872, 0.909066, -1.88146, 2.66644, 0.651415, -1.88146, 2.96872, 0.651415, -1.88146, 3.4303, 0.651415, -1.88146, 3.12802, 0.651415, -1.88146, 3.4303, 0.909066, -1.88146, 3.12802, 0.909066, -1.88146, 1.74129, 0.909066, -1.88146, 2.04357, 0.909066, -1.88146, 1.74129, 0.651415, -1.88146, 2.04357, 0.651415, -1.88146, 2.50512, 0.651415, -1.88146, 2.20284, 0.651415, -1.88146, 2.50512, 0.909066, -1.88146, 2.20284, 0.909066, -1.88146, 0.817133, 0.909066, -1.88146, 1.11941, 0.909066, -1.88146, 0.817133, 0.651415, -1.88146, 1.11941, 0.651415, -1.88146, 1.581, 0.651415, -1.88146, 1.27872, 0.651415, -1.88146, 1.581, 0.909066, -1.88146, 1.27872, 0.909066, -1.88146, -0.108012, 0.909066, -1.88146, 0.194268, 0.909066, -1.88146, -0.108012, 0.651415, -1.88146, 0.194268, 0.651415, -1.88146, 0.655815, 0.651415, -1.88146, 0.353534, 0.651415, -1.88146, 0.655815, 0.909066, -1.88146, 0.353534, 0.909066, -1.88146], "normals": [0, 0, -1, 1, 0, 0, -0.968139, 0, 0.250313, 0, 0, 1, -0.999969, 0, 0, -1, 0, 0, 0, 0, 0.999969],