{"vertices": [-0.112169, 0.559615, -1.87993, 0.437038, 0.559615, 0.203184, 1.67188, 0.559615, 0.205708, 5.82919, 0.559615, 0.21184, 5.82919, 0.559615, -0.46957, 6.37222, 0.559615, -0.46957, 6.37222, 0.559615, 0.212325, 8.52866, 0.559615, 0.214133, 8.52818, 0.559615, -1.88478, 7.05264, 0.559615, -1.87843, 1.70685, 0.559615, -1.01341, 1.70007, 0.559615, 0.206877, 0.115858, 0.559615, -1.01503, 2.05257, 0.559615, -1.88179, 2.04693, 0.559615, -1.01187, 5.77179, 0.559615, -1.88494, 4.96398, 0.559615, -1.88394, 4.50726, 0.559615, -1.88355, 4.04304, 0.559615, -1.88315, 3.5831, 0.559615, -1.88275, 3.1233, 0.559615, -1.88236, 3.1278, 0.559615, -1.02105, 3.58824, 0.559615, -1.01597, 4.04548, 0.559615, -1.01959, 4.50331, 0.559615, -1.01767, 4.97124, 0.559615, -1.01893, 5.77512, 0.559615, -1.01978, 3.19935, 0.559615, 0.209608, 3.20548, 0.559615, -0.258791, 2.43065, 0.559615, -0.253927, 2.42493, 0.559615, -0.765949, 3.95629, 0.559615, -0.762231, 4.53415, 0.559615, -0.757589, 5.25591, 0.559615, -0.756372, 5.81321, 0.559615, -0.755156, 5.81451, 0.559615, -0.4632, 3.95893, 0.559615, 0.210253, 4.53031, 0.559615, 0.210738, 5.25475, 0.559615, 0.211353, 6.39156, 0.559615, -0.762925, 7.04168, 0.559615, -0.761267, 6.39015, 0.559615, -0.480762, 8.52844, 0.559615, -0.759178], "metadata": {"generator": "io_three", "type": "Geometry", "normals": 2, "vertices": 43, "version": 3, "faces": 28, "uvs": 1}, "normals": [0, 0.999969, 0, 0, 1, 0], "faces": [40, 2, 11, 10, 0, 1, 2, 0, 1, 1, 40, 12, 1, 2, 3, 4, 0, 1, 1, 0, 40, 2, 10, 12, 0, 2, 3, 0, 1, 1, 41, 14, 21, 20, 13, 5, 6, 7, 8, 0, 1, 1, 1, 40, 0, 12, 10, 9, 3, 2, 1, 1, 1, 40, 10, 14, 13, 2, 5, 8, 1, 0, 1, 40, 10, 13, 0, 2, 8, 9, 1, 1, 1, 41, 21, 22, 19, 20, 6, 10, 11, 7, 1, 1, 1, 1, 41, 22, 23, 18, 19, 10, 12, 13, 11, 1, 1, 1, 1, 41, 23, 24, 17, 18, 12, 14, 15, 13, 1, 0, 1, 1, 41, 24, 25, 16, 17, 14, 16, 17, 15, 0, 1, 1, 1, 41, 25, 26, 15, 16, 16, 18, 19, 17, 1, 1, 1, 1, 40, 27, 36, 31, 25, 20, 21, 1, 1, 1, 40, 31, 30, 29, 21, 22, 23, 1, 1, 1, 40, 28, 27, 31, 24, 25, 21, 1, 1, 1, 40, 31, 29, 28, 21, 23, 24, 1, 1, 1, 40, 40, 39, 41, 26, 27, 28, 1, 1, 1, 40, 7, 42, 40, 31, 32, 26, 1, 1, 1, 40, 5, 6, 7, 29, 30, 31, 1, 0, 1, 40, 40, 41, 5, 26, 28, 29, 1, 1, 1, 40, 40, 5, 7, 26, 29, 31, 1, 1, 1, 41, 37, 32, 31, 36, 33, 34, 35, 36, 1, 1, 1, 1, 41, 38, 33, 32, 37, 37, 38, 34, 33, 1, 1, 1, 1, 40, 3, 4, 35, 42, 39, 40, 1, 1, 1, 40, 35, 34, 33, 40, 41, 38, 1, 1, 1, 40, 33, 38, 3, 38, 37, 42, 1, 1, 1, 40, 35, 33, 3, 40, 38, 42, 1, 1, 1, 41, 9, 40, 42, 8, 43, 44, 45, 46, 1, 1, 1, 1], "uvs": [[0.373649, 0.324563, 0.373584, 0.322989, 0.44019, 0.322552, 0.440354, 0.411355, 0.373845, 0.393486, 0.44009, 0.30357, 0.440541, 0.243239, 0.487554, 0.243449, 0.487573, 0.303214, 0.487573, 0.424041, 0.440242, 0.217539, 0.487554, 0.217785, 0.440418, 0.192018, 0.487554, 0.192113, 0.440292, 0.166463, 0.487554, 0.166202, 0.440339, 0.140345, 0.487554, 0.140709, 0.440348, 0.0954756, 0.487571, 0.0956198, 0.442674, 0.0156444, 0.489136, 0.0158887, 0.489136, 0.0907053, 0.464674, 0.0903655, 0.464996, 0.0525109, 0.442617, 0.0527544, 0.384083, 0.233538, 0.383984, 0.197251, 0.399385, 0.197168, 0.399996, 0.196167, 0.437216, 0.196159, 0.437342, 0.316523, 0.384215, 0.316523, 0.384843, 0.0792591, 0.431106, 0.0791864, 0.431261, 0.107419, 0.3848, 0.107174, 0.384897, 0.043866, 0.431132, 0.043924, 0.417496, 0.0158821, 0.41719, 0.0165987, 0.431138, 0.0166962, 0.384941, 0.0158012, 0.379018, 0.110599, 0.439996, 0.109973, 0.440128, 0.192958, 0.37869, 0.192958]], "name": "Plan.007Geometry"}